<?xml version="1.0" encoding="UTF-8"?>
<module codename="org.netbeans.modules.autoupdate.services">
    <module_version install_time="1334085489101" last="true" origin="installer" specification_version="1.28.2">
        <file crc="83784818" name="config/Modules/org-netbeans-modules-autoupdate-services.xml"/>
        <file crc="1499040530" name="modules/ext/locale/updater_ja.jar"/>
        <file crc="758987449" name="modules/ext/locale/updater_pt_BR.jar"/>
        <file crc="45322400" name="modules/ext/locale/updater_ru.jar"/>
        <file crc="4071923569" name="modules/ext/locale/updater_zh_CN.jar"/>
        <file crc="248721876" name="modules/ext/updater.jar"/>
        <file crc="1474781236" name="modules/locale/org-netbeans-modules-autoupdate-services_ja.jar"/>
        <file crc="315372741" name="modules/locale/org-netbeans-modules-autoupdate-services_pt_BR.jar"/>
        <file crc="2373065603" name="modules/locale/org-netbeans-modules-autoupdate-services_ru.jar"/>
        <file crc="3903186721" name="modules/locale/org-netbeans-modules-autoupdate-services_zh_CN.jar"/>
        <file crc="1014886200" name="modules/org-netbeans-modules-autoupdate-services.jar"/>
    </module_version>
</module>
