<?xml version="1.0" encoding="UTF-8"?>
<module codename="org.netbeans.swing.outline">
    <module_version install_time="1334085433026" last="true" origin="installer" specification_version="1.17.2">
        <file crc="3679534386" name="config/Modules/org-netbeans-swing-outline.xml"/>
        <file crc="67113628" name="modules/locale/org-netbeans-swing-outline_ja.jar"/>
        <file crc="1541023994" name="modules/locale/org-netbeans-swing-outline_pt_BR.jar"/>
        <file crc="1924662727" name="modules/locale/org-netbeans-swing-outline_ru.jar"/>
        <file crc="1861802183" name="modules/locale/org-netbeans-swing-outline_zh_CN.jar"/>
        <file crc="1148259461" name="modules/org-netbeans-swing-outline.jar"/>
    </module_version>
</module>
