<?xml version="1.0" encoding="UTF-8"?>
<module codename="org.netbeans.modules.options.api/1">
    <module_version install_time="1334085444700" last="true" origin="installer" specification_version="1.24.1">
        <file crc="1511401705" name="config/Modules/org-netbeans-modules-options-api.xml"/>
        <file crc="1361508006" name="modules/locale/org-netbeans-modules-options-api_ja.jar"/>
        <file crc="2607828006" name="modules/locale/org-netbeans-modules-options-api_pt_BR.jar"/>
        <file crc="3222498729" name="modules/locale/org-netbeans-modules-options-api_ru.jar"/>
        <file crc="3434234410" name="modules/locale/org-netbeans-modules-options-api_zh_CN.jar"/>
        <file crc="3017851545" name="modules/org-netbeans-modules-options-api.jar"/>
    </module_version>
</module>
