<?xml version="1.0" encoding="UTF-8"?>
<module codename="org.netbeans.modules.settings/1">
    <module_version install_time="1334085430106" last="true" origin="installer" specification_version="1.33.1">
        <file crc="554047262" name="config/Modules/org-netbeans-modules-settings.xml"/>
        <file crc="864869999" name="modules/locale/org-netbeans-modules-settings_ja.jar"/>
        <file crc="3624083009" name="modules/locale/org-netbeans-modules-settings_pt_BR.jar"/>
        <file crc="186761071" name="modules/locale/org-netbeans-modules-settings_ru.jar"/>
        <file crc="2647723504" name="modules/locale/org-netbeans-modules-settings_zh_CN.jar"/>
        <file crc="349928105" name="modules/org-netbeans-modules-settings.jar"/>
    </module_version>
</module>
