<?xml version="1.0" encoding="UTF-8"?>
<module codename="org.netbeans.modules.autoupdate.ui">
    <module_version install_time="1334085492082" last="true" origin="installer" specification_version="1.25.1">
        <file crc="123778612" name="config/Modules/org-netbeans-modules-autoupdate-ui.xml"/>
        <file crc="3873653297" name="modules/locale/org-netbeans-modules-autoupdate-ui_ja.jar"/>
        <file crc="2688230912" name="modules/locale/org-netbeans-modules-autoupdate-ui_pt_BR.jar"/>
        <file crc="1796378017" name="modules/locale/org-netbeans-modules-autoupdate-ui_ru.jar"/>
        <file crc="4066146856" name="modules/locale/org-netbeans-modules-autoupdate-ui_zh_CN.jar"/>
        <file crc="4074030574" name="modules/org-netbeans-modules-autoupdate-ui.jar"/>
    </module_version>
</module>
