<?xml version="1.0" encoding="UTF-8"?>
<module codename="org.netbeans.libs.jna/1">
    <module_version install_time="1334085467726" last="true" origin="installer" specification_version="1.16.1">
        <file crc="1637808577" name="config/Modules/org-netbeans-libs-jna.xml"/>
        <file crc="3581036595" name="modules/ext/jna-3.2.7.jar"/>
        <file crc="2728928279" name="modules/locale/org-netbeans-libs-jna_ja.jar"/>
        <file crc="3450029482" name="modules/locale/org-netbeans-libs-jna_pt_BR.jar"/>
        <file crc="4014508084" name="modules/locale/org-netbeans-libs-jna_ru.jar"/>
        <file crc="4287918276" name="modules/locale/org-netbeans-libs-jna_zh_CN.jar"/>
        <file crc="94469347" name="modules/org-netbeans-libs-jna.jar"/>
    </module_version>
</module>
