<?xml version="1.0" encoding="UTF-8"?>
<module codename="org.netbeans.core.multiview/1">
    <module_version install_time="1334085408273" last="true" origin="installer" specification_version="1.26.2">
        <file crc="3216778929" name="config/Modules/org-netbeans-core-multiview.xml"/>
        <file crc="1969016178" name="modules/locale/org-netbeans-core-multiview_ja.jar"/>
        <file crc="1755538704" name="modules/locale/org-netbeans-core-multiview_pt_BR.jar"/>
        <file crc="1229811865" name="modules/locale/org-netbeans-core-multiview_ru.jar"/>
        <file crc="1942338793" name="modules/locale/org-netbeans-core-multiview_zh_CN.jar"/>
        <file crc="2885960238" name="modules/org-netbeans-core-multiview.jar"/>
    </module_version>
</module>
