<?xml version="1.0" encoding="UTF-8"?>
<module codename="org.openide.explorer">
    <module_version install_time="1334085493595" last="true" origin="installer" specification_version="6.40.1">
        <file crc="3046209104" name="config/Modules/org-openide-explorer.xml"/>
        <file crc="3406433954" name="modules/locale/org-openide-explorer_ja.jar"/>
        <file crc="948903644" name="modules/locale/org-openide-explorer_pt_BR.jar"/>
        <file crc="2780327173" name="modules/locale/org-openide-explorer_ru.jar"/>
        <file crc="3869713366" name="modules/locale/org-openide-explorer_zh_CN.jar"/>
        <file crc="1505839988" name="modules/org-openide-explorer.jar"/>
    </module_version>
</module>
