<?xml version="1.0" encoding="UTF-8"?>
<module codename="org.netbeans.swing.plaf">
    <module_version install_time="1334085474873" last="true" origin="installer" specification_version="1.23.1">
        <file crc="4198966476" name="config/Modules/org-netbeans-swing-plaf.xml"/>
        <file crc="2462092961" name="modules/locale/org-netbeans-swing-plaf_ja.jar"/>
        <file crc="121704955" name="modules/locale/org-netbeans-swing-plaf_pt_BR.jar"/>
        <file crc="1372512697" name="modules/locale/org-netbeans-swing-plaf_ru.jar"/>
        <file crc="4033543256" name="modules/locale/org-netbeans-swing-plaf_zh_CN.jar"/>
        <file crc="1887506391" name="modules/org-netbeans-swing-plaf.jar"/>
    </module_version>
</module>
