<?xml version="1.0" encoding="UTF-8"?>
<module codename="org.netbeans.spi.quicksearch">
    <module_version install_time="1334085473454" last="true" origin="installer" specification_version="1.12.1">
        <file crc="2420451830" name="config/Modules/org-netbeans-spi-quicksearch.xml"/>
        <file crc="3591535878" name="modules/locale/org-netbeans-spi-quicksearch_ja.jar"/>
        <file crc="390235622" name="modules/locale/org-netbeans-spi-quicksearch_pt_BR.jar"/>
        <file crc="2747660518" name="modules/locale/org-netbeans-spi-quicksearch_ru.jar"/>
        <file crc="204431003" name="modules/locale/org-netbeans-spi-quicksearch_zh_CN.jar"/>
        <file crc="526386822" name="modules/org-netbeans-spi-quicksearch.jar"/>
    </module_version>
</module>
